,x_emb,y_emb,n,tau,tau_colours,id
0,0.47751639913145255,-0.3305928467660511,10,1,#CA054D,0
1,0.15536378084247468,0.4625445658387653,10,1,#CA054D,1
2,0.9152686955519679,-0.48839188035572634,10,0,#41b6c4,2
3,0.4703582374100139,0.8192776611066729,10,0,#41b6c4,3
4,0.39637132624981314,0.8935364960172224,10,0,#41b6c4,4
5,0.5771976443549005,-0.10489915608880451,10,0,#41b6c4,5
6,0.47301493050638505,0.011441121398471778,10,0,#41b6c4,6
7,0.5569688111707761,-0.5980281591184127,10,1,#CA054D,7
8,1.1632472646666903,-0.06795285173683724,10,1,#CA054D,8
9,0.9593022983731553,0.27181120756472676,10,1,#CA054D,9
10,0.31160431924809306,-0.16885612135841402,20,1,#CA054D,0
11,0.4876385509241519,0.28106312933522676,20,0,#41b6c4,1
12,0.13012488890044563,0.2971993622192366,20,0,#41b6c4,2
13,0.19314252839202162,0.44786040947669187,20,0,#41b6c4,3
14,0.8668053220484231,-0.677798356125829,20,1,#CA054D,4
15,0.7708906238957056,-0.7862360087084445,20,1,#CA054D,5
16,0.48758247380006975,-0.5622454110277659,20,1,#CA054D,6
17,0.39613410374647134,0.42672014759200066,20,0,#41b6c4,7
18,0.3643790677508169,-0.23300255666981295,20,1,#CA054D,8
19,0.1882144605371108,0.28012220556240075,20,0,#41b6c4,9
20,0.8484838743204511,-0.19719072145231806,20,1,#CA054D,10
21,0.2929621688355408,-0.5013861072405427,20,1,#CA054D,11
22,0.9939409876403908,0.5483260558161461,20,0,#41b6c4,12
23,0.8470614802935702,0.37246309623609236,20,0,#41b6c4,13
24,0.7051590322007573,-0.18132074903201975,20,1,#CA054D,14
25,0.5192938013531943,0.43113199068866975,20,0,#41b6c4,15
26,0.8266475691754065,-0.16682474054265753,20,1,#CA054D,16
27,0.8206305705192144,0.5512944550162373,20,0,#41b6c4,17
28,0.3865694175761652,-0.3062733494399741,20,1,#CA054D,18
29,0.6009871447309835,0.4706464493774736,20,0,#41b6c4,19
30,0.32714847039897305,0.13965061052434105,50,0,#41b6c4,0
31,0.7570287537668199,-0.3182152595979138,50,1,#CA054D,1
32,0.563391868443289,-0.6453550445146734,50,1,#CA054D,2
33,0.7411673381338818,-0.46341193734823244,50,1,#CA054D,3
34,0.5812505807223879,0.5327425621538692,50,0,#41b6c4,4
35,0.45572021409341035,0.30203642062039776,50,0,#41b6c4,5
36,0.625761375892405,0.6029402843479563,50,0,#41b6c4,6
37,0.6728433056371287,0.4735961574735504,50,0,#41b6c4,7
38,0.4028276708100216,0.40373519192363017,50,0,#41b6c4,8
39,0.49391692412686256,0.30513804905351133,50,0,#41b6c4,9
40,0.5724383683900849,-0.48472857711728246,50,1,#CA054D,10
41,0.5586576094763945,-0.5466832516879594,50,1,#CA054D,11
42,0.7488442280757843,-0.505045387089139,50,1,#CA054D,12
43,0.48969729938879003,-0.6187978748030726,50,1,#CA054D,13
44,0.6688073032738885,0.4670133579820187,50,0,#41b6c4,14
45,0.5927272980817377,0.4471572082572954,50,0,#41b6c4,15
46,0.5179479255454513,0.40505803483141395,50,0,#41b6c4,16
47,0.6905565199591243,-0.6306705396369918,50,1,#CA054D,17
48,0.5099659327306986,-0.6608639395196465,50,1,#CA054D,18
49,0.2877894296631959,0.34879753522864787,50,0,#41b6c4,19
50,0.8262339572589904,0.32798438324522,50,0,#41b6c4,20
51,0.689075534948114,0.49470649698967084,50,0,#41b6c4,21
52,0.5720830038416069,-0.5209665496974504,50,1,#CA054D,22
53,0.46758371968955353,0.31795734883700116,50,0,#41b6c4,23
54,0.7538281105584986,0.6131728877189574,50,0,#41b6c4,24
55,0.6621261179926407,0.26478025064513916,50,0,#41b6c4,25
56,0.7162721274981901,-0.2828329057723624,50,1,#CA054D,26
57,0.8092002412539082,-0.391641068071644,50,1,#CA054D,27
58,0.6895869557429637,0.398109356259911,50,0,#41b6c4,28
59,0.6251656294774047,0.6195759961367773,50,0,#41b6c4,29
60,0.4233312037334317,0.4868179917897425,50,0,#41b6c4,30
61,0.6011584673613687,-0.5390913837615278,50,1,#CA054D,31
62,0.6948075972831383,0.517742538940176,50,0,#41b6c4,32
63,0.40976825019299684,-0.04820684668914229,50,1,#CA054D,33
64,0.5631688264777609,0.5117720288571805,50,0,#41b6c4,34
65,0.5896661778788591,-0.4409978174232319,50,1,#CA054D,35
66,0.5928698129900978,-0.34171835884321566,50,1,#CA054D,36
67,0.6742174875521679,-0.3348579133559475,50,1,#CA054D,37
68,0.6382547499326805,-0.34419768132597733,50,1,#CA054D,38
69,0.4825212977711772,-0.15756909191420143,50,1,#CA054D,39
70,0.41462713852630917,0.37193237807462726,50,0,#41b6c4,40
71,0.6466691093104875,-0.35930864726586387,50,1,#CA054D,41
72,0.2934463283906735,-0.08354619235537442,50,1,#CA054D,42
73,0.48902043787089844,0.2608751406395323,50,0,#41b6c4,43
74,0.5008073019779407,0.5792311655485581,50,0,#41b6c4,44
75,0.5791272195869422,-0.27065291719908036,50,1,#CA054D,45
76,0.48379542675816684,0.1858695101076121,50,0,#41b6c4,46
77,0.542157158697185,-0.1066287096825911,50,1,#CA054D,47
78,0.4913072055149957,-0.5278691681797498,50,1,#CA054D,48
79,0.5431648769743985,-0.19292763589505296,50,1,#CA054D,49
80,0.6109529888728027,-0.4272188752012841,100,1,#CA054D,0
81,0.49852409869052194,0.532817223552716,100,0,#41b6c4,1
82,0.6330897285363225,-0.43997899741469826,100,1,#CA054D,2
83,0.7879860898904164,-0.3066360484958672,100,1,#CA054D,3
84,0.6250311762464658,0.3559682390443105,100,0,#41b6c4,4
85,0.6741574005728377,-0.5133861856051474,100,1,#CA054D,5
86,0.7208069668048074,-0.4607498365758463,100,1,#CA054D,6
87,0.5449861219149089,0.6080625694296226,100,0,#41b6c4,7
88,0.5223278273883774,-0.3947036066870776,100,1,#CA054D,8
89,0.45451267201478757,0.5154698201890926,100,0,#41b6c4,9
90,0.5742953989972365,-0.11887775576851622,100,1,#CA054D,10
91,0.6541803538712729,-0.44227159908845903,100,1,#CA054D,11
92,0.6485377684577648,-0.21870261827121204,100,1,#CA054D,12
93,0.45777835266409017,0.4773386230063436,100,0,#41b6c4,13
94,0.5710550421315617,0.2821458786974921,100,0,#41b6c4,14
95,0.5720476428835064,0.2835049125196257,100,0,#41b6c4,15
96,0.5414551231633533,0.5622916543088421,100,0,#41b6c4,16
97,0.5471808452901721,-0.3527110219799435,100,1,#CA054D,17
98,0.5815385386991391,0.373158313456767,100,0,#41b6c4,18
99,0.6557978511701416,-0.18415393388341375,100,1,#CA054D,19
100,0.4423014210772001,0.43941226279777573,100,0,#41b6c4,20
101,0.5653937844676231,0.5107245903319706,100,0,#41b6c4,21
102,0.6285141146837527,0.6380939029876113,100,0,#41b6c4,22
103,0.6428138883890719,-0.4429497981697533,100,1,#CA054D,23
104,0.469394178095205,0.3452678445801145,100,0,#41b6c4,24
105,0.8463265370865344,-0.5545054651891063,100,1,#CA054D,25
106,0.49632452112022185,0.32179866911246446,100,0,#41b6c4,26
107,0.6960594367556793,0.28081093661390555,100,0,#41b6c4,27
108,0.596815276503798,-0.5099261134494486,100,1,#CA054D,28
109,0.6153675823862852,0.32910407790124485,100,0,#41b6c4,29
110,0.5624254224174897,-0.5084873974530753,100,1,#CA054D,30
111,0.6510018445420089,0.547160583495312,100,0,#41b6c4,31
112,0.5072447482881917,-0.41837880610454925,100,1,#CA054D,32
113,0.6990568201946145,0.4267051673558309,100,0,#41b6c4,33
114,0.49118002963501695,0.38355884936204987,100,0,#41b6c4,34
115,0.47537168913498423,0.520398013293076,100,0,#41b6c4,35
116,0.543345592225847,0.17006052361430188,100,0,#41b6c4,36
117,0.600281037709149,-0.3756488944322874,100,1,#CA054D,37
118,0.5110957045394121,0.48222133425746455,100,0,#41b6c4,38
119,0.5025306086765224,0.5901397416381066,100,0,#41b6c4,39
120,0.6849343234007673,0.476639995021961,100,0,#41b6c4,40
121,0.5349239292964992,-0.2916045739487013,100,1,#CA054D,41
122,0.6232181559072186,-0.4593953432938228,100,1,#CA054D,42
123,0.5983030894211989,0.6330736121711288,100,0,#41b6c4,43
124,0.4568992128452766,0.45543120548464244,100,0,#41b6c4,44
125,0.6086669873871816,0.43221662395307087,100,0,#41b6c4,45
126,0.6960824648507997,-0.2601762759390141,100,1,#CA054D,46
127,0.6509490378399396,-0.27377416421090334,100,1,#CA054D,47
128,0.4252245624742202,0.29722908515529906,100,0,#41b6c4,48
129,0.5233541932830319,0.43080105475507574,100,0,#41b6c4,49
130,0.5429038908026862,0.3236734989618106,100,0,#41b6c4,50
131,0.7749034903788238,-0.42562524605690355,100,1,#CA054D,51
132,0.5580982075279778,0.30692322315501847,100,0,#41b6c4,52
133,0.6776688926944008,-0.3109971620956974,100,1,#CA054D,53
134,0.7034813380946994,-0.5033046453076339,100,1,#CA054D,54
135,0.6670975788510469,-0.3958998062279021,100,1,#CA054D,55
136,0.510216792874513,-0.23593583199651816,100,1,#CA054D,56
137,0.5771902096000678,0.39248641332104206,100,0,#41b6c4,57
138,0.6487641708466886,-0.6219067678521017,100,1,#CA054D,58
139,0.6024795175313867,-0.36585356102174466,100,1,#CA054D,59
140,0.7288196407316623,-0.3021462479097144,100,1,#CA054D,60
141,0.6381028727688098,0.4875775784406094,100,0,#41b6c4,61
142,0.7169659233243356,-0.5386478519243887,100,1,#CA054D,62
143,0.6588468056348915,-0.43623533569482115,100,1,#CA054D,63
144,0.7074358330314134,-0.4715886750431432,100,1,#CA054D,64
145,0.6200026759183038,-0.3221716366776235,100,1,#CA054D,65
146,0.7498910446217285,-0.5313078980142947,100,1,#CA054D,66
147,0.5327772279840911,0.2849637224598574,100,0,#41b6c4,67
148,0.6532749850186191,-0.37470034422591836,100,1,#CA054D,68
149,0.4496846437353982,0.4037829549921711,100,0,#41b6c4,69
150,0.5898180492528412,-0.31263990520735613,100,1,#CA054D,70
151,0.6893732382612413,-0.2737852047225778,100,1,#CA054D,71
152,0.5532577637824381,-0.3260292252545315,100,1,#CA054D,72
153,0.3786364340597151,-0.23143114956085056,100,1,#CA054D,73
154,0.6263443620322948,-0.2954968766311085,100,1,#CA054D,74
155,0.6362130563531216,-0.2378471834048682,100,1,#CA054D,75
156,0.4822250351242843,0.3690151266812342,100,0,#41b6c4,76
157,0.6499654461301343,-0.45922650692226,100,1,#CA054D,77
158,0.6531722010521567,-0.32303289296771187,100,1,#CA054D,78
159,0.6771535528050064,0.41071550276540175,100,0,#41b6c4,79
160,0.5484221606120929,0.3736912596688601,100,0,#41b6c4,80
161,0.46920976010570437,-0.19693337843834297,100,1,#CA054D,81
162,0.6193977027254722,-0.18354627589234135,100,1,#CA054D,82
163,0.5235932623871737,0.44761386877942994,100,0,#41b6c4,83
164,0.5735213395547533,0.4866526122603973,100,0,#41b6c4,84
165,0.4122030179756522,0.3828374248722349,100,0,#41b6c4,85
166,0.6143162518321238,-0.43822466522129316,100,1,#CA054D,86
167,0.6940896960928323,-0.32866792080543145,100,1,#CA054D,87
168,0.6942631027672916,-0.49198028799211124,100,1,#CA054D,88
169,0.6126281222365355,0.6249231177187219,100,0,#41b6c4,89
170,0.6175080784312043,0.37613960420759895,100,0,#41b6c4,90
171,0.6174644140958748,0.5105266734955872,100,0,#41b6c4,91
172,0.624736227390315,0.3092184485660451,100,0,#41b6c4,92
173,0.6849791330955053,-0.4480845741429151,100,1,#CA054D,93
174,0.6658928034236022,-0.4200810297333513,100,1,#CA054D,94
175,0.5532778622682705,0.5012079240829529,100,0,#41b6c4,95
176,0.6172076249504097,0.3677184861100239,100,0,#41b6c4,96
177,0.5715408056525758,0.6695469262550657,100,0,#41b6c4,97
178,0.6655976487747123,0.5703216718140837,100,0,#41b6c4,98
179,0.5689287681151665,0.4203011506187795,100,0,#41b6c4,99
180,0.527168374888959,-0.35802984131510596,200,1,#CA054D,0
181,0.5623249028408257,0.47302411112387177,200,0,#41b6c4,1
182,0.5800444189758306,0.3857461017745614,200,0,#41b6c4,2
183,0.5749449109342867,0.4225740249661432,200,0,#41b6c4,3
184,0.5620520905478511,0.4756828272272394,200,0,#41b6c4,4
185,0.6288801456027061,-0.37258158604754477,200,1,#CA054D,5
186,0.566372341519027,0.43576374790649397,200,0,#41b6c4,6
187,0.560593353237424,0.34059969080070457,200,0,#41b6c4,7
188,0.607937688283692,-0.3376175510338472,200,1,#CA054D,8
189,0.617303899870348,-0.3749239350153761,200,1,#CA054D,9
190,0.5468547739327598,0.4182188318419301,200,0,#41b6c4,10
191,0.5262345450629095,0.3554987786490124,200,0,#41b6c4,11
192,0.5536944658977726,0.4664368239449862,200,0,#41b6c4,12
193,0.5237875936292361,0.44358550087174403,200,0,#41b6c4,13
194,0.6260167707292352,0.4878352898851124,200,0,#41b6c4,14
195,0.5937429781189946,-0.450087348861434,200,1,#CA054D,15
196,0.6156100135420393,-0.28352065401108184,200,1,#CA054D,16
197,0.7001803155729344,-0.4186642866824125,200,1,#CA054D,17
198,0.6013463924359379,-0.5155550801517848,200,1,#CA054D,18
199,0.5565747653714115,0.302700872611712,200,0,#41b6c4,19
200,0.5132930060706072,0.42086870787323144,200,0,#41b6c4,20
201,0.5367437301003324,0.3460879830321064,200,0,#41b6c4,21
202,0.6524788633917867,-0.316344849181403,200,1,#CA054D,22
203,0.5786777321304039,0.40445294456710695,200,0,#41b6c4,23
204,0.4833494458530635,0.4065190872965387,200,0,#41b6c4,24
205,0.6385618093730154,0.5102088997757332,200,0,#41b6c4,25
206,0.6322488745074593,-0.421385294101383,200,1,#CA054D,26
207,0.4861293601741432,0.34559970242433485,200,0,#41b6c4,27
208,0.5564438513205235,-0.39868374772179277,200,1,#CA054D,28
209,0.7107067427639869,-0.48868121965611716,200,1,#CA054D,29
210,0.7083624741088214,-0.42527136900610546,200,1,#CA054D,30
211,0.6129656755537652,0.41818454445159736,200,0,#41b6c4,31
212,0.5651342714932927,0.37594896394633487,200,0,#41b6c4,32
213,0.5935942767719777,0.47346308662486,200,0,#41b6c4,33
214,0.6233191913708851,0.34731944712907004,200,0,#41b6c4,34
215,0.5578387832415107,0.418396650376865,200,0,#41b6c4,35
216,0.6414666145709118,-0.4171642782258992,200,1,#CA054D,36
217,0.5720842539287375,-0.37815218147932844,200,1,#CA054D,37
218,0.5402124826966094,0.4759811350095852,200,0,#41b6c4,38
219,0.6321500690882681,-0.4977982679592667,200,1,#CA054D,39
220,0.5641281817312683,0.4821397372842234,200,0,#41b6c4,40
221,0.6414880901230477,0.5185355473742566,200,0,#41b6c4,41
222,0.7246032432181265,-0.4139027721263766,200,1,#CA054D,42
223,0.675666953782494,-0.32117344517841706,200,1,#CA054D,43
224,0.6628506087774547,0.3680298603876008,200,0,#41b6c4,44
225,0.622390299043205,-0.4158097310256221,200,1,#CA054D,45
226,0.6791470464586492,-0.3864512582973742,200,1,#CA054D,46
227,0.610816486098058,-0.3728147286163408,200,1,#CA054D,47
228,0.6361262868415778,0.4262213997664997,200,0,#41b6c4,48
229,0.5331192786592042,0.37086274425171495,200,0,#41b6c4,49
230,0.6461623400147956,-0.40881387833348426,200,1,#CA054D,50
231,0.6754403562378378,-0.454751131633643,200,1,#CA054D,51
232,0.5818865728220736,0.36831241205628434,200,0,#41b6c4,52
233,0.4578474804481458,0.40622512343522427,200,0,#41b6c4,53
234,0.7233240851013777,-0.40551337027521006,200,1,#CA054D,54
235,0.5011301667397811,0.380464843318789,200,0,#41b6c4,55
236,0.5177036668706129,-0.38921216318152746,200,1,#CA054D,56
237,0.6496259368280325,-0.43934611786161887,200,1,#CA054D,57
238,0.490874085763936,0.3495933588274447,200,0,#41b6c4,58
239,0.668008319239468,-0.5031350238423545,200,1,#CA054D,59
240,0.5448418597230035,-0.2845001971937137,200,1,#CA054D,60
241,0.6257310110286007,-0.2745619726248284,200,1,#CA054D,61
242,0.5796638822176049,0.36378736369909015,200,0,#41b6c4,62
243,0.613468457916949,-0.44325387788959947,200,1,#CA054D,63
244,0.5848884602576642,-0.3334033414163314,200,1,#CA054D,64
245,0.6285789697205677,-0.36474368660238254,200,1,#CA054D,65
246,0.6871350918402039,0.4353797424458652,200,0,#41b6c4,66
247,0.6224483986294507,-0.39466861920052987,200,1,#CA054D,67
248,0.6115538148175605,-0.3617879255876707,200,1,#CA054D,68
249,0.602796324744391,0.3908596498988449,200,0,#41b6c4,69
250,0.5881489072910641,-0.09377169624056139,200,1,#CA054D,70
251,0.4975879062228223,0.39208428960021435,200,0,#41b6c4,71
252,0.6470426898881328,0.4916897416671222,200,0,#41b6c4,72
253,0.5936892431783682,0.43110259255084243,200,0,#41b6c4,73
254,0.6133116850986348,0.4342525703641912,200,0,#41b6c4,74
255,0.6733514254568377,-0.35575891647399244,200,1,#CA054D,75
256,0.6092111957524682,0.44747248934080114,200,0,#41b6c4,76
257,0.7070068151933587,-0.3244619183510321,200,1,#CA054D,77
258,0.6962548719269978,-0.39382597169880024,200,1,#CA054D,78
259,0.49267338369223723,0.37969632935268,200,0,#41b6c4,79
260,0.5515619894310242,0.46351253083231203,200,0,#41b6c4,80
261,0.6172251507379257,0.3333882569607509,200,0,#41b6c4,81
262,0.5962499466683215,-0.41495118454168706,200,1,#CA054D,82
263,0.6001192235708313,-0.3801618199698295,200,1,#CA054D,83
264,0.7133049226120759,-0.27665772763269575,200,1,#CA054D,84
265,0.4864960685904424,-0.3421517030727669,200,1,#CA054D,85
266,0.6985711393243061,-0.3313298917679826,200,1,#CA054D,86
267,0.6838424672369208,-0.43140876844883175,200,1,#CA054D,87
268,0.6313321847697367,0.6630190926823201,200,0,#41b6c4,88
269,0.5798866133260309,-0.45500553864784715,200,1,#CA054D,89
270,0.6764998019677987,0.46765990766195475,200,0,#41b6c4,90
271,0.5397322981787201,-0.349150463693092,200,1,#CA054D,91
272,0.6028628441482318,0.5012205160146971,200,0,#41b6c4,92
273,0.5572265938508958,0.27381508355112566,200,0,#41b6c4,93
274,0.5743665949591588,-0.4740560899013541,200,1,#CA054D,94
275,0.6664451578034719,-0.46942468877151516,200,1,#CA054D,95
276,0.6667259321616951,-0.3424457119290233,200,1,#CA054D,96
277,0.5758843160520264,0.36315108397625584,200,0,#41b6c4,97
278,0.7601650476398072,-0.47199625979029053,200,1,#CA054D,98
279,0.5370599502470412,0.5344746930894985,200,0,#41b6c4,99
280,0.6437392573057089,0.40448028020690674,200,0,#41b6c4,100
281,0.5898593529479159,0.44505791081511414,200,0,#41b6c4,101
282,0.5261757407773586,-0.3707684517564868,200,1,#CA054D,102
283,0.5248073354499889,0.40010399751909753,200,0,#41b6c4,103
284,0.5758601996569168,-0.46024666689232724,200,1,#CA054D,104
285,0.4653341494029698,0.3148329753045061,200,0,#41b6c4,105
286,0.4740022027076158,0.3672641842922813,200,0,#41b6c4,106
287,0.6192594089080559,0.40709700177895203,200,0,#41b6c4,107
288,0.5952790328927212,-0.42974354588067104,200,1,#CA054D,108
289,0.5687652020085113,-0.4709285582482412,200,1,#CA054D,109
290,0.5929893624208095,-0.44904180004658995,200,1,#CA054D,110
291,0.5970970156046048,0.5157659553792888,200,0,#41b6c4,111
292,0.616949680400828,0.43428501044701523,200,0,#41b6c4,112
293,0.5314133516536547,0.46193981017035146,200,0,#41b6c4,113
294,0.4958121754489046,0.3508695620778189,200,0,#41b6c4,114
295,0.6109248283016666,-0.4027233719162259,200,1,#CA054D,115
296,0.47416743226759556,0.3882717177102792,200,0,#41b6c4,116
297,0.5558472630130729,-0.36815341395942114,200,1,#CA054D,117
298,0.6480112522623277,-0.3206481635476643,200,1,#CA054D,118
299,0.6013877417858062,-0.3940672816268668,200,1,#CA054D,119
300,0.5982150982144002,0.3234072628405214,200,0,#41b6c4,120
301,0.5591627402775047,0.44911329983652915,200,0,#41b6c4,121
302,0.5522354067382604,0.388820867621697,200,0,#41b6c4,122
303,0.5152649570529415,0.3286240523806171,200,0,#41b6c4,123
304,0.4605500108611044,0.45522692950353566,200,0,#41b6c4,124
305,0.6158038201197125,-0.2751577171787904,200,1,#CA054D,125
306,0.7112526620562166,-0.384618938219374,200,1,#CA054D,126
307,0.6692383519607239,-0.3765115656306473,200,1,#CA054D,127
308,0.5382034683763117,0.5488583264899624,200,0,#41b6c4,128
309,0.49599674974230795,0.2971137878987632,200,0,#41b6c4,129
310,0.5221492650561779,0.531203219932352,200,0,#41b6c4,130
311,0.5057933065973483,0.34666775238528896,200,0,#41b6c4,131
312,0.6202646919192537,-0.38977499784449693,200,1,#CA054D,132
313,0.5851114739078598,0.36841304674162867,200,0,#41b6c4,133
314,0.6149714034619557,0.4202202544972698,200,0,#41b6c4,134
315,0.6219593380791489,-0.5071219758542019,200,1,#CA054D,135
316,0.5786084060012823,0.49731062851923086,200,0,#41b6c4,136
317,0.6873529732962758,0.36210292304802827,200,0,#41b6c4,137
318,0.5822173322835981,-0.4552252992377443,200,1,#CA054D,138
319,0.5911834489527474,0.4951327623150028,200,0,#41b6c4,139
320,0.501385042539869,-0.3931588906893802,200,1,#CA054D,140
321,0.6052977789686305,-0.38475272846772496,200,1,#CA054D,141
322,0.5707360595615476,0.44562965983902236,200,0,#41b6c4,142
323,0.5613710084783059,-0.2641450538192074,200,1,#CA054D,143
324,0.5873333267442356,-0.3328220863553023,200,1,#CA054D,144
325,0.5926742178366118,0.4878119180699399,200,0,#41b6c4,145
326,0.6546812427767723,-0.4667151371538964,200,1,#CA054D,146
327,0.55790814892891,-0.4380825456598603,200,1,#CA054D,147
328,0.6750064557313148,-0.3728218127173169,200,1,#CA054D,148
329,0.6344521925422882,-0.2278903012369575,200,1,#CA054D,149
330,0.683095991892947,-0.44366855201895,200,1,#CA054D,150
331,0.47790145183685284,0.4056102769355466,200,0,#41b6c4,151
332,0.7292084198666987,-0.349751988999362,200,1,#CA054D,152
333,0.5690881432226977,0.28332574656202547,200,0,#41b6c4,153
334,0.5761107260485039,-0.36329083394344874,200,1,#CA054D,154
335,0.5243551882630062,0.43331207719809584,200,0,#41b6c4,155
336,0.5696335923874885,-0.35479397012467656,200,1,#CA054D,156
337,0.5886490031898896,0.40183541377447046,200,0,#41b6c4,157
338,0.5799118703289502,-0.31866123901165155,200,1,#CA054D,158
339,0.6952094701936494,-0.27610112425822564,200,1,#CA054D,159
340,0.5847217965050907,0.47819948540578194,200,0,#41b6c4,160
341,0.5875038816943712,0.38627777332353064,200,0,#41b6c4,161
342,0.6702541451891104,-0.2732177539448586,200,1,#CA054D,162
343,0.6508691046765757,0.47325637819034827,200,0,#41b6c4,163
344,0.5765116533927704,0.43086920728502826,200,0,#41b6c4,164
345,0.6546283443309764,-0.30593325746628275,200,1,#CA054D,165
346,0.6173301147813922,-0.4087116779945182,200,1,#CA054D,166
347,0.6312019510838263,-0.5189965404414947,200,1,#CA054D,167
348,0.5459385780912431,0.25403161405877844,200,0,#41b6c4,168
349,0.6224962743174125,-0.40033403678857044,200,1,#CA054D,169
350,0.6941885060972781,-0.4116857467868976,200,1,#CA054D,170
351,0.5423135899113595,0.5197530944695536,200,0,#41b6c4,171
352,0.5813742451860163,-0.3113672570905382,200,1,#CA054D,172
353,0.6278638191717685,-0.42793770154453686,200,1,#CA054D,173
354,0.665771476805544,-0.4005599354141116,200,1,#CA054D,174
355,0.5898792639190491,0.5443040847092324,200,0,#41b6c4,175
356,0.5983959558597758,-0.27894200013337195,200,1,#CA054D,176
357,0.5014851349989462,0.19978049389730831,200,0,#41b6c4,177
358,0.6489840560874905,-0.39592530458939434,200,1,#CA054D,178
359,0.5402949748602884,-0.34867642821661154,200,1,#CA054D,179
360,0.6182578644612255,-0.42342038755921785,200,1,#CA054D,180
361,0.5903179311740206,-0.48244715891366263,200,1,#CA054D,181
362,0.604152821137998,0.47510451484272553,200,0,#41b6c4,182
363,0.5913595628802916,0.46359687482682244,200,0,#41b6c4,183
364,0.5922262161091528,-0.27951987755031016,200,1,#CA054D,184
365,0.6025923165762054,-0.19020777179280818,200,1,#CA054D,185
366,0.49687042997080944,-0.3528917654952858,200,1,#CA054D,186
367,0.6767730762046835,-0.452248024840825,200,1,#CA054D,187
368,0.5459082735528755,0.4075074007475561,200,0,#41b6c4,188
369,0.6380110162300215,0.35757856249278375,200,0,#41b6c4,189
370,0.5260304946986383,0.4244872155059894,200,0,#41b6c4,190
371,0.5203461657078402,0.4131306952304856,200,0,#41b6c4,191
372,0.5909733811191972,-0.4241792037293694,200,1,#CA054D,192
373,0.5737885105590658,-0.3987025621388124,200,1,#CA054D,193
374,0.5890220944542701,-0.32378057995540654,200,1,#CA054D,194
375,0.5338756058651448,0.4651346949591109,200,0,#41b6c4,195
376,0.5447831098381076,0.4453729119869194,200,0,#41b6c4,196
377,0.6129761660543775,0.5035377169248366,200,0,#41b6c4,197
378,0.5061580860616783,0.45006343151537637,200,0,#41b6c4,198
379,0.5590972210621592,0.49540710309380326,200,0,#41b6c4,199
380,0.6076074357017798,-0.42830525193115504,500,1,#CA054D,0
381,0.5716624656071108,0.3674233559728525,500,0,#41b6c4,1
382,0.5812460450961255,0.4982126804207577,500,0,#41b6c4,2
383,0.6771751422100093,-0.35048734034049617,500,1,#CA054D,3
384,0.6026398787606613,-0.3552259410287607,500,1,#CA054D,4
385,0.6455013181327465,-0.3139520758311817,500,1,#CA054D,5
386,0.6810512109720381,-0.35665985808295053,500,1,#CA054D,6
387,0.5891207617117612,-0.40392134458041057,500,1,#CA054D,7
388,0.6098747075775122,-0.40344524108420154,500,1,#CA054D,8
389,0.5684216551274405,0.3027881018668303,500,0,#41b6c4,9
390,0.616337109961444,-0.4850977211391973,500,1,#CA054D,10
391,0.585251439841629,0.40770315396297263,500,0,#41b6c4,11
392,0.6133656364484169,-0.4171407036330077,500,1,#CA054D,12
393,0.6069052656899246,-0.4005886684215592,500,1,#CA054D,13
394,0.5451737879657501,0.3377170665491368,500,0,#41b6c4,14
395,0.5506747124887227,0.39722978346743404,500,0,#41b6c4,15
396,0.6495567130790063,-0.4261280883713938,500,1,#CA054D,16
397,0.5542223326042022,0.3363812706691678,500,0,#41b6c4,17
398,0.6852879042527715,-0.43078452587044225,500,1,#CA054D,18
399,0.5872286243077612,0.3176083178787476,500,0,#41b6c4,19
400,0.659287670317255,-0.46769835622788125,500,1,#CA054D,20
401,0.5974420135851197,-0.32896412199416214,500,1,#CA054D,21
402,0.5735232815626305,0.4258530087893539,500,0,#41b6c4,22
403,0.5687218517813415,0.4297799818173608,500,0,#41b6c4,23
404,0.584285075258607,-0.39501886016327376,500,1,#CA054D,24
405,0.5751099284096861,-0.32669805261482276,500,1,#CA054D,25
406,0.5342781461401458,-0.3953575319651061,500,1,#CA054D,26
407,0.6393277437432732,0.40366216464195936,500,0,#41b6c4,27
408,0.5682939553053041,0.4511757257610433,500,0,#41b6c4,28
409,0.6347719812587989,0.5359910421104267,500,0,#41b6c4,29
410,0.6298490308358015,0.45281777586061855,500,0,#41b6c4,30
411,0.5612922701605361,0.3804102808013055,500,0,#41b6c4,31
412,0.5269256603400888,0.4187097233268013,500,0,#41b6c4,32
413,0.616704261950553,-0.3598175892429046,500,1,#CA054D,33
414,0.6309700683561479,-0.3835295951958361,500,1,#CA054D,34
415,0.6216487766490401,0.45937349738474365,500,0,#41b6c4,35
416,0.5954316513652684,-0.3750453062916303,500,1,#CA054D,36
417,0.7029556146877753,-0.411059238051018,500,1,#CA054D,37
418,0.5861689290571278,-0.29731178364439964,500,1,#CA054D,38
419,0.5859935629426191,0.4116949153128952,500,0,#41b6c4,39
420,0.5942992008896582,-0.3590886316472728,500,1,#CA054D,40
421,0.6535140143435824,-0.4328287152805871,500,1,#CA054D,41
422,0.5723089044936913,0.41099145122779285,500,0,#41b6c4,42
423,0.5573147508508033,0.45302985608841134,500,0,#41b6c4,43
424,0.6498411657563223,-0.3339682371787065,500,1,#CA054D,44
425,0.5497729549378548,0.35907505800495043,500,0,#41b6c4,45
426,0.5895102234211532,-0.32627469449609103,500,1,#CA054D,46
427,0.6383514167512334,-0.31368234328004596,500,1,#CA054D,47
428,0.588506862967322,0.40553910714428354,500,0,#41b6c4,48
429,0.6343280406111796,-0.361701460655866,500,1,#CA054D,49
430,0.640361327940231,-0.4030635030290409,500,1,#CA054D,50
431,0.5784808145221945,0.3923120517834077,500,0,#41b6c4,51
432,0.5772490272773476,0.33820721107934815,500,0,#41b6c4,52
433,0.599832446642836,0.38187697671149434,500,0,#41b6c4,53
434,0.5974793827152937,0.45221010059007544,500,0,#41b6c4,54
435,0.5798426364880533,0.3463759276548889,500,0,#41b6c4,55
436,0.5433025033206035,0.35839960539746984,500,0,#41b6c4,56
437,0.6213669445260273,0.37096596068879306,500,0,#41b6c4,57
438,0.6074486009592667,-0.4202311831809189,500,1,#CA054D,58
439,0.5224462564549375,0.49156745005909386,500,0,#41b6c4,59
440,0.5391126690725873,0.44301282842545614,500,0,#41b6c4,60
441,0.614363840662857,0.442237698529818,500,0,#41b6c4,61
442,0.5412113711505847,0.358267813341508,500,0,#41b6c4,62
443,0.5714364889767847,0.4522954792886426,500,0,#41b6c4,63
444,0.5834801730258342,0.41571605132096373,500,0,#41b6c4,64
445,0.6174568395967945,-0.3409590627964202,500,1,#CA054D,65
446,0.5272289142019325,-0.3993349975840099,500,1,#CA054D,66
447,0.5697189744467829,-0.29731135869353564,500,1,#CA054D,67
448,0.5580216014419018,0.3282569293202549,500,0,#41b6c4,68
449,0.5314981923184185,0.4040176957096342,500,0,#41b6c4,69
450,0.572760629510492,0.4213633079753386,500,0,#41b6c4,70
451,0.5662877307068873,-0.3257538755966578,500,1,#CA054D,71
452,0.6113115485657941,-0.3200511955298131,500,1,#CA054D,72
453,0.6546593946171937,-0.36372886166422497,500,1,#CA054D,73
454,0.5888903557634734,0.3633332147209317,500,0,#41b6c4,74
455,0.5424533342439142,0.4591170769058727,500,0,#41b6c4,75
456,0.6395252667977503,0.407005327101407,500,0,#41b6c4,76
457,0.6076947333284762,-0.35794823836207307,500,1,#CA054D,77
458,0.6230717087057245,0.5119876839921581,500,0,#41b6c4,78
459,0.628007274292192,-0.291264356599954,500,1,#CA054D,79
460,0.6352619860914988,-0.4674842722689946,500,1,#CA054D,80
461,0.5839537521311258,0.49710835482071825,500,0,#41b6c4,81
462,0.6394163269696193,0.42047961820588203,500,0,#41b6c4,82
463,0.6338378560567332,-0.35781519883462315,500,1,#CA054D,83
464,0.6048066078004842,0.4286010087855001,500,0,#41b6c4,84
465,0.5670669313438036,0.3879000887040509,500,0,#41b6c4,85
466,0.569786427434111,0.40060420833649657,500,0,#41b6c4,86
467,0.5944636586582684,0.37279522135774074,500,0,#41b6c4,87
468,0.649579854781448,-0.36756115915407134,500,1,#CA054D,88
469,0.5695680139033542,0.3456342256258575,500,0,#41b6c4,89
470,0.6251610041824547,0.44987720850763135,500,0,#41b6c4,90
471,0.6602849615197709,-0.4340232803342374,500,1,#CA054D,91
472,0.6263413439971334,-0.26047060835849745,500,1,#CA054D,92
473,0.6198735248646852,-0.35637717946697656,500,1,#CA054D,93
474,0.6377724116836379,-0.39923522838931297,500,1,#CA054D,94
475,0.6069479304022689,0.5298737354654598,500,0,#41b6c4,95
476,0.5367229464596918,0.5313832792294517,500,0,#41b6c4,96
477,0.6465672231766787,-0.33477057903306584,500,1,#CA054D,97
478,0.5734784200362718,-0.38763558123520064,500,1,#CA054D,98
479,0.6363632258021655,-0.32808162960883136,500,1,#CA054D,99
480,0.5324000044958254,0.34538973355045466,500,0,#41b6c4,100
481,0.5706863904996367,0.3744360498320774,500,0,#41b6c4,101
482,0.6011175507916111,0.3555854131482571,500,0,#41b6c4,102
483,0.5198095489177808,0.3837448908244701,500,0,#41b6c4,103
484,0.5399743011199784,-0.35330215442367596,500,1,#CA054D,104
485,0.5701770638610898,-0.3683647484614836,500,1,#CA054D,105
486,0.6180470651540876,0.3968717419056127,500,0,#41b6c4,106
487,0.6519444785757202,-0.40830297982774266,500,1,#CA054D,107
488,0.6009295330320824,-0.3509180337522266,500,1,#CA054D,108
489,0.5329266036440943,0.4547187012725356,500,0,#41b6c4,109
490,0.5947269265439928,-0.40694860267800864,500,1,#CA054D,110
491,0.5005074259141813,0.40853347492732156,500,0,#41b6c4,111
492,0.6202309155857962,0.3840264759297247,500,0,#41b6c4,112
493,0.5476499219529591,0.41273022545480137,500,0,#41b6c4,113
494,0.5896924924214586,0.4355769107589665,500,0,#41b6c4,114
495,0.6764521468555209,-0.4781555075514952,500,1,#CA054D,115
496,0.635930835367537,0.3832450910955643,500,0,#41b6c4,116
497,0.527237589711239,0.42506636617825844,500,0,#41b6c4,117
498,0.5803232385246907,-0.46108855540688065,500,1,#CA054D,118
499,0.5521748440585766,0.38262302364775586,500,0,#41b6c4,119
500,0.673340393227845,-0.45675855317148795,500,1,#CA054D,120
501,0.6090973146485954,-0.2976027072563139,500,1,#CA054D,121
502,0.5954511062565337,-0.44182971193172954,500,1,#CA054D,122
503,0.522123560419693,0.4344977770180215,500,0,#41b6c4,123
504,0.635061786135818,-0.3873684151152766,500,1,#CA054D,124
505,0.602870618711233,-0.2527783719747633,500,1,#CA054D,125
506,0.5448896052290326,0.34512726992650167,500,0,#41b6c4,126
507,0.6418355784593959,-0.40379075748022053,500,1,#CA054D,127
508,0.6717339593439975,-0.3956351817360755,500,1,#CA054D,128
509,0.5663196954338301,0.4079592493748584,500,0,#41b6c4,129
510,0.6317523404755393,-0.3505776342592534,500,1,#CA054D,130
511,0.5338884786287434,0.38410215516978446,500,0,#41b6c4,131
512,0.6672205083154172,-0.41232248132032134,500,1,#CA054D,132
513,0.6473203179477766,-0.37077189335911476,500,1,#CA054D,133
514,0.6423090251296558,-0.4184206907059979,500,1,#CA054D,134
515,0.6439348722246065,-0.37755998102809646,500,1,#CA054D,135
516,0.6016188910407694,0.4848044128088316,500,0,#41b6c4,136
517,0.5953562372700386,-0.4318399862481803,500,1,#CA054D,137
518,0.6410446028179347,-0.46946255042322627,500,1,#CA054D,138
519,0.6016321614865924,-0.40352144586927124,500,1,#CA054D,139
520,0.6109334604860254,-0.3901706331020923,500,1,#CA054D,140
521,0.6099750519283204,0.4573254352492186,500,0,#41b6c4,141
522,0.6031697659303787,-0.37895189398228124,500,1,#CA054D,142
523,0.6905250462006085,-0.4393579650599345,500,1,#CA054D,143
524,0.535792809837511,0.34381541637429325,500,0,#41b6c4,144
525,0.5698252504976651,0.36710540274367603,500,0,#41b6c4,145
526,0.5450113526197493,0.39750068155272206,500,0,#41b6c4,146
527,0.5696139979041924,-0.3950794313814377,500,1,#CA054D,147
528,0.5572519665210766,0.41176682695178296,500,0,#41b6c4,148
529,0.5882314844759784,0.5078101765702175,500,0,#41b6c4,149
530,0.582391062659693,0.49526991792800384,500,0,#41b6c4,150
531,0.640274231564863,-0.4426828008129358,500,1,#CA054D,151
532,0.5595944110601521,0.42783088986939594,500,0,#41b6c4,152
533,0.5993314000767105,-0.39633071663755665,500,1,#CA054D,153
534,0.6316399762634151,-0.4292304752445001,500,1,#CA054D,154
535,0.5922626983532848,-0.4180010608794545,500,1,#CA054D,155
536,0.5521531375100758,0.4245328150001402,500,0,#41b6c4,156
537,0.5493432530451859,0.4704493864990674,500,0,#41b6c4,157
538,0.6151037208348387,0.4427072717255018,500,0,#41b6c4,158
539,0.5990688295679732,0.3882403040267441,500,0,#41b6c4,159
540,0.5920536497777588,0.4017890175162207,500,0,#41b6c4,160
541,0.5669539222419693,0.3822302422545616,500,0,#41b6c4,161
542,0.6036071873073086,0.4235130101888757,500,0,#41b6c4,162
543,0.6303859734392052,-0.35475182658819326,500,1,#CA054D,163
544,0.6270272864995691,0.4500659522107173,500,0,#41b6c4,164
545,0.5738319105583694,-0.44585681344042805,500,1,#CA054D,165
546,0.5728979797364614,-0.3896551300796662,500,1,#CA054D,166
547,0.5749566830981406,0.4234266575248902,500,0,#41b6c4,167
548,0.5782883836055922,0.44753221900226947,500,0,#41b6c4,168
549,0.5624603231604643,0.36219517380639077,500,0,#41b6c4,169
550,0.6195068375125429,-0.4102987954043652,500,1,#CA054D,170
551,0.5528475073515545,0.37466727972475905,500,0,#41b6c4,171
552,0.6118859373175481,0.3834502698792545,500,0,#41b6c4,172
553,0.6090785197622849,0.43957970632785887,500,0,#41b6c4,173
554,0.5798320193334672,0.42592904437491647,500,0,#41b6c4,174
555,0.6149432004201755,0.38902868362002424,500,0,#41b6c4,175
556,0.5485623383079193,-0.4174704208463268,500,1,#CA054D,176
557,0.5786100700711896,0.48243699432794995,500,0,#41b6c4,177
558,0.5124971463899881,-0.34974362686859867,500,1,#CA054D,178
559,0.6633217269546898,-0.34258591120486115,500,1,#CA054D,179
560,0.5802382257598675,-0.39672739575974,500,1,#CA054D,180
561,0.5958886750044989,-0.42759753604199385,500,1,#CA054D,181
562,0.6150749132759422,0.4163957970883027,500,0,#41b6c4,182
563,0.5600934384239711,0.33045800055151153,500,0,#41b6c4,183
564,0.6081189460547187,0.34294766685704836,500,0,#41b6c4,184
565,0.661321641269638,-0.37871651296667885,500,1,#CA054D,185
566,0.565314443898543,0.3794514184685188,500,0,#41b6c4,186
567,0.5878907515147612,-0.36852309734740957,500,1,#CA054D,187
568,0.5671653884409186,0.4246236368532542,500,0,#41b6c4,188
569,0.5964126605244594,0.3579991786776859,500,0,#41b6c4,189
570,0.6552400759485947,0.4335398449851123,500,0,#41b6c4,190
571,0.6568124564553732,-0.44131161426785986,500,1,#CA054D,191
572,0.5378182292379482,0.3545015966213584,500,0,#41b6c4,192
573,0.6084364578328246,0.401458148272618,500,0,#41b6c4,193
574,0.5723961785465138,0.5145834762000324,500,0,#41b6c4,194
575,0.5408840101478601,0.4012666948141061,500,0,#41b6c4,195
576,0.615929021311105,-0.30992610666373566,500,1,#CA054D,196
577,0.5615643846657284,0.38115132076215863,500,0,#41b6c4,197
578,0.6190618552092256,0.389703118803753,500,0,#41b6c4,198
579,0.698537135983592,-0.45309955642746463,500,1,#CA054D,199
580,0.5805497649894098,0.43341203723618343,500,0,#41b6c4,200
581,0.602342242903428,0.4899305311621191,500,0,#41b6c4,201
582,0.6649164842824635,-0.3387617921184613,500,1,#CA054D,202
583,0.6049327396983939,0.4015464135122166,500,0,#41b6c4,203
584,0.6248976455620335,0.45757871816072837,500,0,#41b6c4,204
585,0.5474096159368675,0.41902352644988,500,0,#41b6c4,205
586,0.5859256499237964,0.4410955953191988,500,0,#41b6c4,206
587,0.5765857093831707,-0.3727316108067151,500,1,#CA054D,207
588,0.5960377920486212,-0.3764423069776596,500,1,#CA054D,208
589,0.5255782442300467,0.4581067698912991,500,0,#41b6c4,209
590,0.6087235634730238,0.4163159397005042,500,0,#41b6c4,210
591,0.5527429296969935,0.4107896033995409,500,0,#41b6c4,211
592,0.6327561689348968,-0.475376001063376,500,1,#CA054D,212
593,0.6413800147741083,-0.45095378379891404,500,1,#CA054D,213
594,0.6301630039644486,-0.36696696557692965,500,1,#CA054D,214
595,0.6362089805775165,-0.36698464916626744,500,1,#CA054D,215
596,0.5947628586303749,-0.3335631125348815,500,1,#CA054D,216
597,0.6183152381984877,0.4078397736290249,500,0,#41b6c4,217
598,0.543390025572524,0.49377628187183414,500,0,#41b6c4,218
599,0.5117977643201145,-0.2778422726418211,500,1,#CA054D,219
600,0.6131144456066976,-0.3109902317187692,500,1,#CA054D,220
601,0.5970992531865261,-0.43288120223958104,500,1,#CA054D,221
602,0.5442078860167775,0.4160593382648342,500,0,#41b6c4,222
603,0.5832905505148205,0.5317037002107323,500,0,#41b6c4,223
604,0.6125053112270343,-0.3653545610495998,500,1,#CA054D,224
605,0.6106303776150271,-0.43556354639069456,500,1,#CA054D,225
606,0.5858275922501055,-0.3822495662017722,500,1,#CA054D,226
607,0.6558655989103983,-0.35648271724665037,500,1,#CA054D,227
608,0.6028766052820955,-0.36840650221229293,500,1,#CA054D,228
609,0.6076296151284737,0.39742659290676,500,0,#41b6c4,229
610,0.571368805639478,0.49060201836502915,500,0,#41b6c4,230
611,0.5885273115221804,0.4266777574651452,500,0,#41b6c4,231
612,0.644983073078319,-0.33703269122418766,500,1,#CA054D,232
613,0.6825400334737101,-0.37986215142380186,500,1,#CA054D,233
614,0.5251712612249811,0.3642270590065752,500,0,#41b6c4,234
615,0.5807752525568557,0.44026913212099766,500,0,#41b6c4,235
616,0.6062545984195726,0.4207076910037402,500,0,#41b6c4,236
617,0.684666649778301,-0.32359179407259336,500,1,#CA054D,237
618,0.5422868677785418,0.4093400159295771,500,0,#41b6c4,238
619,0.5280371184154865,0.42434139405693605,500,0,#41b6c4,239
620,0.5898961613628406,0.4209502391050953,500,0,#41b6c4,240
621,0.6399375214429849,-0.3973726786938474,500,1,#CA054D,241
622,0.5430133180015767,0.4594952699906639,500,0,#41b6c4,242
623,0.6614664454374598,-0.35503756810168724,500,1,#CA054D,243
624,0.5609928443491732,0.37964556529349197,500,0,#41b6c4,244
625,0.6325255190663619,-0.2918422308085058,500,1,#CA054D,245
626,0.6086812476298563,-0.44775711655010636,500,1,#CA054D,246
627,0.5934685394108868,-0.3671449850165097,500,1,#CA054D,247
628,0.577075581714468,0.3591329489870674,500,0,#41b6c4,248
629,0.6023989092427833,-0.3636587133224414,500,1,#CA054D,249
630,0.6944414573873995,-0.35103955839025264,500,1,#CA054D,250
631,0.6216906985598509,0.45632003820163847,500,0,#41b6c4,251
632,0.5407537902680543,0.46086461753241287,500,0,#41b6c4,252
633,0.5830219696131955,-0.32920980453857684,500,1,#CA054D,253
634,0.5271764960307502,0.41378403819009885,500,0,#41b6c4,254
635,0.5629333404424846,0.3996894450094566,500,0,#41b6c4,255
636,0.6515272565278521,-0.45338340407178723,500,1,#CA054D,256
637,0.6602111579990863,-0.45434030771526573,500,1,#CA054D,257
638,0.7009119502280318,-0.44686405778446314,500,1,#CA054D,258
639,0.6624104427214978,-0.41187090346570626,500,1,#CA054D,259
640,0.5913755890384554,-0.28427159747717384,500,1,#CA054D,260
641,0.5764203853206485,0.45237748195167204,500,0,#41b6c4,261
642,0.57334708857223,-0.34361856320268885,500,1,#CA054D,262
643,0.5529151274247215,0.3441608015553782,500,0,#41b6c4,263
644,0.589859884942147,0.41917992330833664,500,0,#41b6c4,264
645,0.6077709235680533,-0.26396266557785014,500,1,#CA054D,265
646,0.6260139088986059,-0.4404991959794405,500,1,#CA054D,266
647,0.6707072390083293,-0.4431471286224048,500,1,#CA054D,267
648,0.6294612353104214,0.45999307295310604,500,0,#41b6c4,268
649,0.654389764121865,-0.3184955058945762,500,1,#CA054D,269
650,0.5356818490439488,-0.26682835105418856,500,1,#CA054D,270
651,0.5579828831279116,0.3537276943277615,500,0,#41b6c4,271
652,0.5514648052125428,0.46867448785398835,500,0,#41b6c4,272
653,0.5354593907934581,0.3970140109722546,500,0,#41b6c4,273
654,0.5791244900650762,0.48293002212500874,500,0,#41b6c4,274
655,0.5546112247245362,0.3609742847985309,500,0,#41b6c4,275
656,0.5898924794700205,0.478864416306145,500,0,#41b6c4,276
657,0.6299772991649674,-0.38472585606311455,500,1,#CA054D,277
658,0.6685821338808728,-0.35711803690941135,500,1,#CA054D,278
659,0.597697190649878,0.49661381409776795,500,0,#41b6c4,279
660,0.6280788943659745,-0.4234339403925801,500,1,#CA054D,280
661,0.5091943812988269,0.3321890820768232,500,0,#41b6c4,281
662,0.5536221718329803,-0.32034628552905764,500,1,#CA054D,282
663,0.6377277113645591,-0.33863754687754716,500,1,#CA054D,283
664,0.5678225213048758,0.3774141341354886,500,0,#41b6c4,284
665,0.5933062828819929,0.3969361076292917,500,0,#41b6c4,285
666,0.5941146660044834,-0.3222806865842221,500,1,#CA054D,286
667,0.6235572234960269,-0.31066835720262453,500,1,#CA054D,287
668,0.612167233603499,-0.34974077303111567,500,1,#CA054D,288
669,0.6141707455741406,-0.29797694997873175,500,1,#CA054D,289
670,0.629192603262353,-0.3858824409773402,500,1,#CA054D,290
671,0.61266099934739,-0.36198411028454186,500,1,#CA054D,291
672,0.5799754326637631,0.4450450032383971,500,0,#41b6c4,292
673,0.5977794860667744,-0.3480389390102964,500,1,#CA054D,293
674,0.6300656346509319,-0.47378853277418725,500,1,#CA054D,294
675,0.575462447980495,0.38030645197012714,500,0,#41b6c4,295
676,0.559992303678231,0.46064987040926125,500,0,#41b6c4,296
677,0.5307604388956115,0.4955839135649094,500,0,#41b6c4,297
678,0.6713930134140832,-0.4403710314121428,500,1,#CA054D,298
679,0.5732071455021828,-0.37404987369570963,500,1,#CA054D,299
680,0.6505446406553917,-0.36503856350473496,500,1,#CA054D,300
681,0.6425043681456363,0.4526401525858085,500,0,#41b6c4,301
682,0.5836249850304045,-0.3485736841588302,500,1,#CA054D,302
683,0.6346457841627047,-0.33312226601973244,500,1,#CA054D,303
684,0.6492478174769756,-0.42562255737424504,500,1,#CA054D,304
685,0.6534517330515491,-0.42111799533661487,500,1,#CA054D,305
686,0.6413700018433652,-0.3334862184215092,500,1,#CA054D,306
687,0.5876830256454179,0.38549050126462625,500,0,#41b6c4,307
688,0.5800528093128675,0.3678245692075647,500,0,#41b6c4,308
689,0.5908919053243751,0.31775938874479515,500,0,#41b6c4,309
690,0.5846377652960963,0.4503933936314204,500,0,#41b6c4,310
691,0.5786513666981674,0.4607906407589585,500,0,#41b6c4,311
692,0.6286566079192865,-0.40416387641175666,500,1,#CA054D,312
693,0.6010321070368162,0.3533877783892901,500,0,#41b6c4,313
694,0.6025487602220967,-0.38286193452885325,500,1,#CA054D,314
695,0.5451262619456965,0.3769868663319084,500,0,#41b6c4,315
696,0.6293829601878619,-0.371964159482079,500,1,#CA054D,316
697,0.5902990723148716,-0.2971283920124914,500,1,#CA054D,317
698,0.596472497712666,-0.46892473331223666,500,1,#CA054D,318
699,0.574019018698385,-0.37472454281334594,500,1,#CA054D,319
700,0.6491080946671429,-0.29251971059468385,500,1,#CA054D,320
701,0.6282519998834672,0.4315683880400754,500,0,#41b6c4,321
702,0.639844077184545,0.45785078437545296,500,0,#41b6c4,322
703,0.6613542077120269,-0.32213817226853614,500,1,#CA054D,323
704,0.5753133075705655,-0.42103656558399066,500,1,#CA054D,324
705,0.5444519026535958,0.2993412599848138,500,0,#41b6c4,325
706,0.63402408039109,-0.39092927489917695,500,1,#CA054D,326
707,0.626716566560952,-0.4422528270862237,500,1,#CA054D,327
708,0.5636344631091512,-0.389313155910185,500,1,#CA054D,328
709,0.6669267718625663,-0.3517582961045898,500,1,#CA054D,329
710,0.6533959157892498,-0.3237281620497091,500,1,#CA054D,330
711,0.5835265402739834,-0.40911528890738386,500,1,#CA054D,331
712,0.5080688480309354,0.3423098351064367,500,0,#41b6c4,332
713,0.5142433490548898,0.27689893551775263,500,0,#41b6c4,333
714,0.5653005922315357,0.46041309298689764,500,0,#41b6c4,334
715,0.5353387680637691,0.45166320625110107,500,0,#41b6c4,335
716,0.6686225539889775,-0.3509516606749325,500,1,#CA054D,336
717,0.6660432620523223,-0.4099569808976229,500,1,#CA054D,337
718,0.6300415354545456,-0.38082543073422737,500,1,#CA054D,338
719,0.5268785846891123,0.39599728283365243,500,0,#41b6c4,339
720,0.6382031931078535,-0.3878441618097139,500,1,#CA054D,340
721,0.612012658674098,-0.3268985262738324,500,1,#CA054D,341
722,0.6120185033099531,0.4103119867857982,500,0,#41b6c4,342
723,0.5569305603570577,-0.36387577181494246,500,1,#CA054D,343
724,0.66322686057242,-0.48446168288726044,500,1,#CA054D,344
725,0.5433974302087046,0.31785062037008166,500,0,#41b6c4,345
726,0.5615846786234125,0.3348767405964268,500,0,#41b6c4,346
727,0.5585862208133012,0.38269996692192076,500,0,#41b6c4,347
728,0.559920770771586,0.42803925507322643,500,0,#41b6c4,348
729,0.6461994202172073,-0.4084002964197884,500,1,#CA054D,349
730,0.5483442488745696,-0.37549602880302385,500,1,#CA054D,350
731,0.5660638775257429,0.40643878876278716,500,0,#41b6c4,351
732,0.6118463695092013,0.3572411519987173,500,0,#41b6c4,352
733,0.6058756822582868,-0.43475611589342505,500,1,#CA054D,353
734,0.6423805958470353,-0.34368003495601185,500,1,#CA054D,354
735,0.5381117778013519,0.4029876439725007,500,0,#41b6c4,355
736,0.6648998137180945,-0.4021492123334603,500,1,#CA054D,356
737,0.5500284530143856,0.38080537391893415,500,0,#41b6c4,357
738,0.6048844525307906,-0.32938892180325047,500,1,#CA054D,358
739,0.5848463395508172,0.38141586957915674,500,0,#41b6c4,359
740,0.5527790624116894,0.3610453056084484,500,0,#41b6c4,360
741,0.6043631372513986,0.4929257094722419,500,0,#41b6c4,361
742,0.6175426547740945,-0.34774576396413054,500,1,#CA054D,362
743,0.6116510533607644,-0.3495764768227733,500,1,#CA054D,363
744,0.6113116312014875,-0.3691252314794888,500,1,#CA054D,364
745,0.609359528202428,-0.32733576016315935,500,1,#CA054D,365
746,0.6172123690748602,-0.25294539344779354,500,1,#CA054D,366
747,0.6144231067410515,-0.2902540335313142,500,1,#CA054D,367
748,0.5403658211329347,0.42814005218425455,500,0,#41b6c4,368
749,0.61124943232556,-0.34863850712537425,500,1,#CA054D,369
750,0.5909497753597044,0.3967265356784713,500,0,#41b6c4,370
751,0.5730478021058951,0.47854230978891477,500,0,#41b6c4,371
752,0.6652113714949669,-0.42815281403932565,500,1,#CA054D,372
753,0.6599390452954478,-0.39389995735283795,500,1,#CA054D,373
754,0.5594118772640242,0.4217491666922955,500,0,#41b6c4,374
755,0.5558134270668976,-0.4082138753256439,500,1,#CA054D,375
756,0.5913611649999257,0.369308335310827,500,0,#41b6c4,376
757,0.5432254680019855,0.45437663017378516,500,0,#41b6c4,377
758,0.5680097834072114,0.4515415360136475,500,0,#41b6c4,378
759,0.5668710311408978,0.4362760809536621,500,0,#41b6c4,379
760,0.5945397643343557,0.4361632429032882,500,0,#41b6c4,380
761,0.6369085551193692,-0.460098298796242,500,1,#CA054D,381
762,0.5837863935773042,-0.4132518452284413,500,1,#CA054D,382
763,0.5797398537311753,0.32059471012788193,500,0,#41b6c4,383
764,0.6488309557168749,-0.3800499728633475,500,1,#CA054D,384
765,0.5908285306098507,-0.3410163742156314,500,1,#CA054D,385
766,0.6377967178538386,-0.397434076885512,500,1,#CA054D,386
767,0.6427526178686932,-0.43800638160476585,500,1,#CA054D,387
768,0.6536072409551568,-0.3831912738305984,500,1,#CA054D,388
769,0.5382403646295184,0.4501874904398284,500,0,#41b6c4,389
770,0.6041395943432919,0.47056714598235644,500,0,#41b6c4,390
771,0.6315909531180594,0.3574462189678039,500,0,#41b6c4,391
772,0.6343450986619494,-0.33899114895858196,500,1,#CA054D,392
773,0.5716574820185524,0.404573667912433,500,0,#41b6c4,393
774,0.6011871950031978,-0.4438648250407245,500,1,#CA054D,394
775,0.5614073624709457,0.38917085338108587,500,0,#41b6c4,395
776,0.6394736592243107,-0.35656663171817043,500,1,#CA054D,396
777,0.5389142270288524,0.41490922277736275,500,0,#41b6c4,397
778,0.6528137399631518,-0.332829337345611,500,1,#CA054D,398
779,0.6105450830584965,-0.3069547561175422,500,1,#CA054D,399
780,0.5524398742438049,0.34790315711471165,500,0,#41b6c4,400
781,0.6406452962483298,-0.4740277198200239,500,1,#CA054D,401
782,0.6081143326620025,0.4540723910187518,500,0,#41b6c4,402
783,0.5918486940433091,0.38710211417537993,500,0,#41b6c4,403
784,0.5865702427169469,-0.38614494016670586,500,1,#CA054D,404
785,0.5087200372187543,0.3806945130856092,500,0,#41b6c4,405
786,0.6269178799985211,-0.4483013967533616,500,1,#CA054D,406
787,0.5816335941368065,0.45216995079845385,500,0,#41b6c4,407
788,0.5717064384326845,-0.325082334136368,500,1,#CA054D,408
789,0.4940068169879571,-0.29722770884298416,500,1,#CA054D,409
790,0.5840186489351944,0.5178731737308966,500,0,#41b6c4,410
791,0.5756821097566945,-0.4184110296481387,500,1,#CA054D,411
792,0.6704217154325524,-0.3824346656267461,500,1,#CA054D,412
793,0.573301596966249,0.40705551400156875,500,0,#41b6c4,413
794,0.6066124081178809,-0.3714986615957285,500,1,#CA054D,414
795,0.6464206640913585,-0.3736072158347883,500,1,#CA054D,415
796,0.5858776156133205,0.3722637702271005,500,0,#41b6c4,416
797,0.580482195236528,0.3609154939941531,500,0,#41b6c4,417
798,0.5213883878204845,0.4673125204010527,500,0,#41b6c4,418
799,0.5428132317597182,0.4209673848003674,500,0,#41b6c4,419
800,0.5897423461211508,0.500619742487179,500,0,#41b6c4,420
801,0.5398036206570286,0.4729213552060715,500,0,#41b6c4,421
802,0.6311633833883791,0.5319039759329376,500,0,#41b6c4,422
803,0.5669507143058328,-0.2842957906530846,500,1,#CA054D,423
804,0.5796886851023133,0.4194182291914623,500,0,#41b6c4,424
805,0.5395755811305784,0.37628618997461716,500,0,#41b6c4,425
806,0.5727209652694918,0.4838986746397889,500,0,#41b6c4,426
807,0.6585386430357433,-0.4476683659448629,500,1,#CA054D,427
808,0.621510873928919,-0.3133231088846554,500,1,#CA054D,428
809,0.6091668739305452,-0.38116360254614284,500,1,#CA054D,429
810,0.5711389670049106,0.3294006264777767,500,0,#41b6c4,430
811,0.5688589882343641,-0.381432439002216,500,1,#CA054D,431
812,0.5868046790661116,0.3671620732196658,500,0,#41b6c4,432
813,0.6295817825486258,-0.4026834364849996,500,1,#CA054D,433
814,0.6363691979230224,-0.4644962535933626,500,1,#CA054D,434
815,0.5950412902898112,-0.517064101767674,500,1,#CA054D,435
816,0.49695267431806656,0.4051976004389557,500,0,#41b6c4,436
817,0.6358414615734915,-0.38958081706282266,500,1,#CA054D,437
818,0.6503949302564761,-0.3964403704128563,500,1,#CA054D,438
819,0.6598124864101518,-0.42421863716072666,500,1,#CA054D,439
820,0.729451441633862,-0.45731828067958635,500,1,#CA054D,440
821,0.5765940060529494,0.32179342900420554,500,0,#41b6c4,441
822,0.6309000251519022,-0.3436040887188766,500,1,#CA054D,442
823,0.5904042178151879,-0.4083279974052543,500,1,#CA054D,443
824,0.585955350284073,0.3387584799412502,500,0,#41b6c4,444
825,0.5540872410558974,0.4642179945247883,500,0,#41b6c4,445
826,0.6536684935599548,-0.31593299949213927,500,1,#CA054D,446
827,0.5783582704806084,0.2715265826848338,500,0,#41b6c4,447
828,0.6379425324392338,-0.3401566825131493,500,1,#CA054D,448
829,0.5885600246125942,0.3528546241446898,500,0,#41b6c4,449
830,0.5608577793316606,0.40071299940771515,500,0,#41b6c4,450
831,0.6629300907552986,-0.40141064362641826,500,1,#CA054D,451
832,0.5096788341187926,0.395207673193407,500,0,#41b6c4,452
833,0.593000430313062,0.3759173090871269,500,0,#41b6c4,453
834,0.5447032946321747,-0.3990005764872121,500,1,#CA054D,454
835,0.6210940986391755,-0.3171567536144795,500,1,#CA054D,455
836,0.6041102080833136,-0.2949315601623416,500,1,#CA054D,456
837,0.5909086220847006,0.41318678524936653,500,0,#41b6c4,457
838,0.5217109103062322,0.3176303666055855,500,0,#41b6c4,458
839,0.5747691203599407,0.2950988150769147,500,0,#41b6c4,459
840,0.6177181017583339,-0.2947595394124905,500,1,#CA054D,460
841,0.6250676705487496,-0.3842154058179874,500,1,#CA054D,461
842,0.5130945065148943,0.2937012258172403,500,0,#41b6c4,462
843,0.5375227932764439,0.42830052537209135,500,0,#41b6c4,463
844,0.6557387512085527,-0.3695158808972009,500,1,#CA054D,464
845,0.5957532890763355,0.43803017289305385,500,0,#41b6c4,465
846,0.5516396985548969,0.33412458851173454,500,0,#41b6c4,466
847,0.6060693404337107,0.4114308356853666,500,0,#41b6c4,467
848,0.5856939881164652,-0.42387629899967666,500,1,#CA054D,468
849,0.5969870659071341,-0.34626109301187635,500,1,#CA054D,469
850,0.5258263255950943,0.45211406285880773,500,0,#41b6c4,470
851,0.6015562624358676,-0.31337347138291777,500,1,#CA054D,471
852,0.6322521846831637,0.43305203721903185,500,0,#41b6c4,472
853,0.6632572231715456,-0.3380011606949871,500,1,#CA054D,473
854,0.5415835209825447,0.3621957571509868,500,0,#41b6c4,474
855,0.5883546184335966,0.45570234263911735,500,0,#41b6c4,475
856,0.6065046273073642,0.41827660786773324,500,0,#41b6c4,476
857,0.5968273286438341,-0.32390753482745277,500,1,#CA054D,477
858,0.6547677171502616,-0.3604153654347648,500,1,#CA054D,478
859,0.6004489118784792,-0.300865496597118,500,1,#CA054D,479
860,0.593375791947161,-0.3679366320450923,500,1,#CA054D,480
861,0.5966469564576945,0.49121755402712725,500,0,#41b6c4,481
862,0.5479472215672476,0.39393184417617494,500,0,#41b6c4,482
863,0.6035267896076811,0.38608492777452724,500,0,#41b6c4,483
864,0.64768841209354,-0.434129281816135,500,1,#CA054D,484
865,0.5715849814809486,0.4001023735896959,500,0,#41b6c4,485
866,0.5950439318556285,-0.2617912320787472,500,1,#CA054D,486
867,0.5483783262457538,0.40254433429439335,500,0,#41b6c4,487
868,0.6480232879804354,-0.5237715149019322,500,1,#CA054D,488
869,0.638923038334278,-0.40895505413198485,500,1,#CA054D,489
870,0.6107094517119702,0.32515159067199245,500,0,#41b6c4,490
871,0.6516285420482236,-0.41118682537226703,500,1,#CA054D,491
872,0.5285856215432875,0.36029192377571145,500,0,#41b6c4,492
873,0.6411413595052432,-0.495698595179299,500,1,#CA054D,493
874,0.5643786146687316,0.4288617708953779,500,0,#41b6c4,494
875,0.6202044606677714,-0.3996269526342359,500,1,#CA054D,495
876,0.6428702062367428,-0.4394700803551693,500,1,#CA054D,496
877,0.5914431838143434,-0.3601435260658904,500,1,#CA054D,497
878,0.5885407664651369,0.4547557133431689,500,0,#41b6c4,498
879,0.5893412124817179,0.35618631476199386,500,0,#41b6c4,499
